CREATE TABLE T(ID INT NULLABLE, ID2 INT NULLABLE);
SUCCESS
INSERT INTO T VALUES(2,3);
SUCCESS
INSERT INTO T VALUES(4,9);
SUCCESS
INSERT INTO T VALUES(5,2);
SUCCESS
INSERT INTO T VALUES(NULL, 3);
SUCCESS
INSERT INTO T VALUES(3, NULL);
SUCCESS
INSERT INTO T VALUES(NULL, 23);
SUCCESS
INSERT INTO T VALUES(NULL, NULL);
SUCCESS
SELECT * FROM T ORDER BY ID DESC;
ID | ID2
5 | 2
4 | 9
3 | NULL
2 | 3
NULL | 3
NULL | 23
NULL | NULL
SELECT * FROM T ORDER BY ID DESC, ID2 ASC;
ID | ID2
5 | 2
4 | 9
3 | NULL
2 | 3
NULL | NULL
NULL | 3
NULL | 23
DROP TABLE T;
SUCCESS
