CREATE TABLE LIKE_TABLE (ID INT, NAME CHAR(20));
SUCCESS
INSERT INTO LIKE_TABLE VALUES(1,'APPLE');
SUCCESS
INSERT INTO LIKE_TABLE VALUES(2,'CHERRY');
SUCCESS
INSERT INTO LIKE_TABLE VALUES(3,'ORANGE');
SUCCESS
INSERT INTO LIKE_TABLE VALUES(5,'APPLE');
SUCCESS
INSERT INTO LIKE_TABLE VALUES(6,'ORANGE');
SUCCESS
INSERT INTO LIKE_TABLE VALUES(7,'PEACH');
SUCCESS
INSERT INTO LIKE_TABLE VALUES(8,'PINEAPPLE');
SUCCESS
INSERT INTO LIKE_TABLE VALUES(9,'PINEAPPLE');
SUCCESS
INSERT INTO LIKE_TABLE VALUES(10,'LEMON');
SUCCESS
INSERT INTO LIKE_TABLE VALUES(11,'STRAWBERRY');
SUCCESS
INSERT INTO LIKE_TABLE VALUES(12,'FIG');
SUCCESS
SELECT * FROM LIKE_TABLE WHERE NAME NOT LIKE 'P%' AND NAME NOT LIKE '%E';
ID | NAME
2 | CHERRY
10 | LEMON
11 | STRAWBERRY
12 | FIG
SELECT * FROM LIKE_TABLE WHERE NAME LIKE 'C%';
ID | NAME
2 | CHERRY
SELECT * FROM LIKE_TABLE WHERE NAME LIKE '%E';
ID | NAME
1 | APPLE
3 | ORANGE
5 | APPLE
6 | ORANGE
8 | PINEAPPLE
9 | PINEAPPLE
SELECT * FROM LIKE_TABLE WHERE NAME LIKE '%PP%';
ID | NAME
1 | APPLE
5 | APPLE
8 | PINEAPPLE
9 | PINEAPPLE
