CREATE TABLE S1(ID INT, AGE FLOAT, ADDR CHAR(4));
SUCCESS
CREATE TABLE S2(ID INT, AGE FLOAT, ADDR CHAR(4));
SUCCESS
CREATE TABLE S3(ID INT, AGE FLOAT, ADDR CHAR(4));
SUCCESS
INSERT INTO S1 VALUES (1,3,'434');
SUCCESS
INSERT INTO S2 VALUES (2,6,'AA');
SUCCESS
INSERT INTO S2 VALUES (1,-1.9,'AA');
SUCCESS
INSERT INTO S3 VALUES (3,9,'ZZ');
SUCCESS
INSERT INTO S3 VALUES (2,1,'ZZ');
SUCCESS
INSERT INTO S3 VALUES ('1',7,'ZZ');
SUCCESS
SELECT * FROM S1,S2,S3;
S1.ID | S1.AGE | S1.ADDR | S2.ID | S2.AGE | S2.ADDR | S3.ID | S3.AGE | S3.ADDR
1 | 3 | 434 | 2 | 6 | AA | 3 | 9 | ZZ
1 | 3 | 434 | 2 | 6 | AA | 2 | 1 | ZZ
1 | 3 | 434 | 2 | 6 | AA | 1 | 7 | ZZ
1 | 3 | 434 | 1 | -1.9 | AA | 3 | 9 | ZZ
1 | 3 | 434 | 1 | -1.9 | AA | 2 | 1 | ZZ
1 | 3 | 434 | 1 | -1.9 | AA | 1 | 7 | ZZ
SELECT * FROM S1 INNER JOIN S2 ON S1.ID<=S2.ID AND S1.AGE> S2.AGE;
S1.ID | S1.AGE | S1.ADDR | S2.ID | S2.AGE | S2.ADDR
1 | 3 | 434 | 1 | -1.9 | AA
SELECT S1.ID, S2.ID,S3.ID FROM S1 INNER JOIN S2 ON S1.ID=S2.ID INNER JOIN S3 ON S1.ID=S3.ID;
S1.ID | S2.ID | S3.ID
1 | 1 | 1
SELECT * FROM S1 INNER JOIN S3 ON S1.ID=S3.ID, S2 INNER JOIN S3 ON S2.ID=S3.ID;
S1.ID | S1.AGE | S1.ADDR | S3.ID | S3.AGE | S3.ADDR | S2.ID | S2.AGE | S2.ADDR | S3.ID | S3.AGE | S3.ADDR
1 | 3 | 434 | 1 | 7 | ZZ | 1 | -1.9 | AA | 1 | 7 | ZZ
1 | 3 | 434 | 1 | 7 | ZZ | 1 | -1.9 | AA | 1 | 7 | ZZ
1 | 3 | 434 | 1 | 7 | ZZ | 1 | -1.9 | AA | 1 | 7 | ZZ
SELECT * FROM S1,S2,S3;
S1.ID | S1.AGE | S1.ADDR | S2.ID | S2.AGE | S2.ADDR | S3.ID | S3.AGE | S3.ADDR
1 | 3 | 434 | 2 | 6 | AA | 3 | 9 | ZZ
1 | 3 | 434 | 2 | 6 | AA | 2 | 1 | ZZ
1 | 3 | 434 | 2 | 6 | AA | 1 | 7 | ZZ
1 | 3 | 434 | 1 | -1.9 | AA | 3 | 9 | ZZ
1 | 3 | 434 | 1 | -1.9 | AA | 2 | 1 | ZZ
1 | 3 | 434 | 1 | -1.9 | AA | 1 | 7 | ZZ
DROP TABLE S1;
SUCCESS
DROP TABLE S2;
SUCCESS
DROP TABLE S3;
SUCCESS
