CREATE TABLE T(ID INT, ID2 INT);
SUCCESS
INSERT INTO T VALUES(2,3);
SUCCESS
INSERT INTO T VALUES(4,9);
SUCCESS
INSERT INTO T VALUES(5,2);
SUCCESS
INSERT INTO T VALUES(NULL, 3);
FAILURE
INSERT INTO T VALUES(3, NULL);
FAILURE
INSERT INTO T VALUES(NULL, 23);
FAILURE
INSERT INTO T VALUES(NULL, NULL);
FAILURE
SELECT * FROM T ORDER BY ID DESC;
ID | ID2
5 | 2
4 | 9
2 | 3
SELECT * FROM T ORDER BY ID DESC, ID2 ASC;
ID | ID2
5 | 2
4 | 9
2 | 3
DROP TABLE T;
SUCCESS
