CREATE TABLE T(I1 INT, I2 INT, I3 INT, I4 INT, I5 DATE);
SUCCESS
INSERT INTO T VALUES(5,18,10.0, '1', '2022-01-01');
SUCCESS
INSERT INTO T VALUES(1,3,2,5, '1993-12-04');
SUCCESS
SELECT AVG(I1) FROM T;
AVG(I1)
3
SELECT AVG(I2) FROM T;
AVG(I2)
10.5
SELECT AVG(I3) FROM T;
AVG(I3)
6
SELECT AVG(I4) FROM T;
AVG(I4)
3
SELECT AVG(I5) FROM T;
AVG(I5)
0
DROP TABLE T;
SUCCESS

CREATE TABLE T(A CHAR);
SUCCESS
INSERT INTO T VALUES ('WW');
FAILURE
INSERT INTO T VALUES ('1');
FAILURE
INSERT INTO T VALUES ('2.5');
FAILURE
INSERT INTO T VALUES ('WW');
FAILURE
SELECT AVG(A) FROM T;
AVG(A)
DROP TABLE T;
SUCCESS

